{"MIMA": [0.5367538928985596, 0.39899057149887085, 0.4152229428291321, 0.5250303745269775, 0.4520531892776489, 0.4565582275390625, 0.43676578998565674, 0.4132004380226135, 0.5069552659988403, 0.36763352155685425, 0.5183572769165039, 0.47202956676483154, 0.3704770803451538, 0.4342033863067627, 0.41475361585617065, 0.43300390243530273, 0.47364139556884766, 0.4768896698951721, 0.46279841661453247, 0.4301954507827759, 0.4309878945350647, 0.4622315764427185, 0.3709699511528015, 0.5791931748390198, 0.5140116214752197, 0.5005885362625122, 0.54831463098526, 0.4323660135269165, 0.46016037464141846, 0.4703364372253418, 0.43515318632125854, 0.47925126552581787, 0.5397068858146667, 0.40347951650619507, 0.4563732147216797, 0.3618004322052002, 0.381571888923645, 0.556095689535141, 0.49427634477615356, 0.3616012930870056, 0.49737805128097534, 0.4134901762008667, 0.4102635383605957, 0.49847412109375, 0.5078085064888, 0.42189353704452515, 0.546880692243576, 0.39775580167770386, 0.483076810836792, 0.5491839647293091, 0.4442867040634155, 0.45169705152511597, 0.4191662073135376, 0.4630401134490967, 0.47884678840637207, 0.3882628083229065, 0.5653309226036072, 0.4895116686820984, 0.4994484782218933, 0.5014281868934631, 0.3762105703353882, 0.41986358165740967, 0.4307587146759033, 0.3918258547782898, 0.38384318351745605, 0.49446648359298706, 0.5153937041759491, 0.6080592572689056, 0.4478614926338196, 0.4206915497779846], "SPURTS": [0.4586729407310486, 0.4706979990005493, 0.4675965905189514, 0.47928327322006226, 0.47311997413635254, 0.47089001536369324, 0.4546356797218323, 0.47452473640441895, 0.36907655000686646, 0.47805458307266235, 0.48613440990448, 0.5149455070495605, 0.40744227170944214, 0.3924306035041809, 0.4654061496257782, 0.4815152883529663, 0.3863799571990967, 0.42711350321769714, 0.45356154441833496, 0.4788275957107544, 0.3346339464187622, 0.42829036712646484, 0.4768292307853699, 0.40322351455688477, 0.2978959083557129, 0.47986745834350586, 0.39936432242393494, 0.458413302898407, 0.45468926429748535, 0.4101163148880005, 0.4035298824310303, 0.41284558176994324, 0.3704043924808502, 0.5056418776512146, 0.4190595746040344, 0.5352996587753296, 0.41473522782325745, 0.4080478250980377, 0.47547346353530884, 0.4438496232032776, 0.47193464636802673, 0.41623160243034363, 0.4092763066291809, 0.4017564058303833, 0.4357239305973053, 0.44110924005508423, 0.33859723806381226, 0.40591633319854736, 0.46684277057647705, 0.3470504879951477, 0.3392678499221802, 0.4412374496459961, 0.502820611000061, 0.4666154384613037, 0.3684995472431183, 0.5508834719657898, 0.4417462646961212, 0.42459213733673096, 0.30790847539901733, 0.43573445081710815, 0.36946290731430054, 0.4500473737716675, 0.46452778577804565, 0.4708694517612457, 0.48259538412094116, 0.32268357276916504, 0.3893694281578064, 0.33747315406799316, 0.43097051978111267, 0.4204710125923157]}